{
    "@class": "com.kony.gen.viz.model.component.KVizBrowser",
    "DNDConfig": null,
    "__parentReadjusting__": false,
    "_height_": {
        "type": "string",
        "value": "100%"
    },
    "_left_": {
        "type": "string",
        "value": "0dp"
    },
    "_margin_": [
        0,
        0,
        0,
        0
    ],
    "_padding_": [
        0,
        0,
        0,
        0
    ],
    "_top_": {
        "type": "string",
        "value": "0dp"
    },
    "_type_": 5,
    "_width_": {
        "type": "string",
        "value": "100%"
    },
    "bounces": false,
    "canUpdateUI": true,
    "centerx": {
        "type": "string",
        "value": "50%"
    },
    "containerweight": 69,
    "desktopweb": {
        "width": {
            "type": "string",
            "value": "100%"
        }
    },
    "detecttelnumber": false,
    "enablenativecommunication": true,
    "htmlstring": "Browser",
    "id": "doughnutBrowser",
    "info": null,
    "iphone": {
        "psp": {
            "bounces": false
        }
    },
    "isvisible": true,
    "kuid": "d188080256cc46c794aae427abb6a475",
    "localurl": "we644de798fc4356af512db42fd84f78",
    "margininpixel": false,
    "method": "get",
    "name": "kony.ui.Browser",
    "paddinginpixel": false,
    "parent": "donutchart",
    "pf": "userwidgetmodel",
    "requesturlconfig": {
        "URL": "",
        "requestMethod": "get"
    },
    "screenlevelwidget": false,
    "url": "",
    "vizProps": {
        "runJS": true
    },
    "wType": "Browser",
    "zindex": 1
}