{
    "@class": "com.kony.gen.viz.model.container.KVizForm",
    "DNDConfig": null,
    "_margin_": [
        0,
        0,
        0,
        0
    ],
    "_orientation_": 1,
    "_padding_": [
        0,
        0,
        0,
        0
    ],
    "_percent_": true,
    "_skin_": "sa9000c88560470786f782cdd8a35847",
    "_title_": null,
    "addWidgetsdone": false,
    "allboxes": [],
    "canUpdateUI": true,
    "canvasWidth": 1200,
    "children": [
        "donutchart"
    ],
    "containerweight": 100,
    "currentLocale": "default",
    "device": "iPhoneXS",
    "displayorientation": 3,
    "enabledforidletimeout": false,
    "globalUserWidgetRefs": [
        "ud0de1aed5b14b319bafb956d4327e84",
        "u96df0acbee643e5b99ed7b217204b9d",
        "ude0442abed44c0a961b57d9b0405dc8"
    ],
    "id": "userwidgetmodel",
    "info": null,
    "initdone": false,
    "inputaccessoryviewtype": 4,
    "intransitionconfig": {
        "formTransition": "None"
    },
    "isvisible": true,
    "kuid": "7380f56bcb874708a1a898909e23a5c9",
    "layouttype": 2,
    "masterType": 1,
    "name": "kony.ui.Form2",
    "needappmenu": true,
    "outtransitionconfig": {
        "formTransition": "None"
    },
    "paddinginpixel": false,
    "platform": "iphone",
    "prevDevice": "desktopweb",
    "prevPlatform": "desktopweb",
    "retainscrollposition": false,
    "shellCSS": "iOS_iPhoneXS",
    "titleBarSkin": "sa95441c414740f49bc50ebd380074bc",
    "titlebar": true,
    "type": 3,
    "wType": "Form"
}