{
    "classname": "donutchart",
    "definitions": {
        "apis": {
            "custom": [
                {
                    "group": "General",
                    "kuid": "d0d126d12ca2417b9eaccefab44fe386",
                    "paramList": [
                        {
                            "name": "dataSet"
                        }
                    ],
                    "propertyKey": "createChart",
                    "pw": {
                        "displayName": "createChart",
                        "uiRepresentation": "Label-Label-Button-Button"
                    },
                    "srcWgtKUID": "25d7f63a9f9d460fa5e15e40f1df62b3",
                    "type": "event"
                }
            ],
            "passthrough": []
        },
        "events": {
            "custom": [
                {
                    "group": "General",
                    "kuid": "e25c6d5de16a4878a263e84323ba171c",
                    "paramList": [
                        {
                            "name": "data"
                        }
                    ],
                    "propertyIndex": 1,
                    "propertyKey": "onChartClick",
                    "pw": {
                        "displayName": "onChartClick",
                        "uiRepresentation": "Label-Label-Button-Button"
                    },
                    "srcWgtKUID": "25d7f63a9f9d460fa5e15e40f1df62b3",
                    "type": "event"
                }
            ],
            "passthrough": []
        },
        "groups": {
            "apis": [
                "General"
            ],
            "events": [],
            "properties": [
                "Title",
                "Legend"
            ],
            "widgets": []
        },
        "properties": {
            "custom": [
                {
                    "access": "Write",
                    "defaultValue": true,
                    "group": "Legend",
                    "kuid": "fe511ef926ff4be5bcf02b984cc90cf6",
                    "originalPropertyKey": "enableLegend",
                    "propertyIndex": 1,
                    "propertyKey": "enableLegend",
                    "pw": {
                        "displayName": "Enable Legends",
                        "uiRepresentation": "Label-Radiobuttongroup"
                    },
                    "srcWgtKUID": "25d7f63a9f9d460fa5e15e40f1df62b3",
                    "type": "boolean",
                    "value": "true/false"
                },
                {
                    "access": "Write",
                    "defaultValue": "#ffffff",
                    "group": "General",
                    "kuid": "c28c30b2e6b248a0a1c1dcaa3039f7b7",
                    "originalPropertyKey": "bgColor",
                    "propertyIndex": 1,
                    "propertyKey": "bgColor",
                    "pw": {
                        "displayName": "Background Color",
                        "uiRepresentation": "Label-Textbox"
                    },
                    "srcWgtKUID": "25d7f63a9f9d460fa5e15e40f1df62b3",
                    "type": "string",
                    "value": ""
                },
                {
                    "access": "Write",
                    "defaultValue": {
                        "data": [
                            {
                                "colorCode": "#1B9ED9",
                                "label": "Data1",
                                "value": "40"
                            },
                            {
                                "colorCode": "#E8672B",
                                "label": "Data2",
                                "value": "20"
                            },
                            {
                                "colorCode": "#76C044",
                                "label": "Data3",
                                "value": "20"
                            },
                            {
                                "colorCode": "#FFC522",
                                "label": "Data4",
                                "value": "10"
                            },
                            {
                                "colorCode": "#97CDED",
                                "label": "Data5",
                                "value": "10"
                            }
                        ],
                        "schema": [
                            {
                                "columnHeaderTemplate": null,
                                "columnHeaderText": "Label",
                                "columnHeaderType": "text",
                                "columnID": "label",
                                "columnOnClick": null,
                                "columnText": "Not Defined",
                                "columnType": "text",
                                "kuid": "c8434b6cbed443e6a6167d99e8c3bdcb"
                            },
                            {
                                "columnHeaderTemplate": null,
                                "columnHeaderText": "Value",
                                "columnHeaderType": "text",
                                "columnID": "value",
                                "columnOnClick": null,
                                "columnText": "Not Defined",
                                "columnType": "text",
                                "kuid": "cddb65c1fe8c429bb5a4b5f93bd171ef"
                            },
                            {
                                "columnHeaderTemplate": null,
                                "columnHeaderText": "Color Code",
                                "columnHeaderType": "text",
                                "columnID": "colorCode",
                                "columnOnClick": null,
                                "columnText": "Not Defined",
                                "columnType": "text",
                                "kuid": "f722303b71a8439eae528d9af9856f30"
                            }
                        ]
                    },
                    "group": "General",
                    "kuid": "d671f02ec73f4136a666c8bd886e6e20",
                    "originalPropertyKey": "chartData",
                    "propertyIndex": 1,
                    "propertyKey": "chartData",
                    "pw": {
                        "displayName": "Chart Data",
                        "uiRepresentation": "Label-DataGrid"
                    },
                    "srcWgtKUID": "25d7f63a9f9d460fa5e15e40f1df62b3",
                    "type": "data grid",
                    "value": 3
                },
                {
                    "access": "Write",
                    "defaultValue": "12",
                    "group": "Title",
                    "kuid": "d5026b9f12b54cc2a2905a8ad7ca22b6",
                    "originalPropertyKey": "titleFontSize",
                    "propertyIndex": 1,
                    "propertyKey": "titleFontSize",
                    "pw": {
                        "displayName": "Title Font Size",
                        "uiRepresentation": "Label-Textbox"
                    },
                    "srcWgtKUID": "25d7f63a9f9d460fa5e15e40f1df62b3",
                    "type": "string",
                    "value": ""
                },
                {
                    "access": "Write",
                    "defaultValue": true,
                    "group": "General",
                    "kuid": "c07c2d77b80e4dfaa207ee8579a1efff",
                    "originalPropertyKey": "enableChartAnimation",
                    "propertyIndex": 1,
                    "propertyKey": "enableChartAnimation",
                    "pw": {
                        "displayName": "Enable Chart Animation",
                        "uiRepresentation": "Label-Radiobuttongroup"
                    },
                    "srcWgtKUID": "25d7f63a9f9d460fa5e15e40f1df62b3",
                    "type": "boolean",
                    "value": "true/false"
                },
                {
                    "access": "Write",
                    "defaultValue": "Donut Chart",
                    "group": "Title",
                    "kuid": "a1d9571ff00c45e19b3ce87564b94694",
                    "originalPropertyKey": "chartTitle",
                    "propertyIndex": 2,
                    "propertyKey": "chartTitle",
                    "pw": {
                        "displayName": "Chart Title",
                        "uiRepresentation": "Label-Textbox"
                    },
                    "srcWgtKUID": "25d7f63a9f9d460fa5e15e40f1df62b3",
                    "type": "string",
                    "value": ""
                },
                {
                    "access": "Write",
                    "defaultValue": "8",
                    "group": "Legend",
                    "kuid": "g8a00ad1b7794f7cb280bbfe6f3abb7a",
                    "originalPropertyKey": "legendFontSize",
                    "propertyIndex": 2,
                    "propertyKey": "legendFontSize",
                    "pw": {
                        "displayName": "Legend Font Size",
                        "uiRepresentation": "Label-Textbox"
                    },
                    "srcWgtKUID": "25d7f63a9f9d460fa5e15e40f1df62b3",
                    "type": "string",
                    "value": ""
                },
                {
                    "access": "Write",
                    "defaultValue": "#000000",
                    "group": "Title",
                    "kuid": "ee306aa844d84743b2cfa22006ac597f",
                    "originalPropertyKey": "titleFontColor",
                    "propertyIndex": 3,
                    "propertyKey": "titleFontColor",
                    "pw": {
                        "displayName": "Title Font Color",
                        "uiRepresentation": "Label-Textbox"
                    },
                    "srcWgtKUID": "25d7f63a9f9d460fa5e15e40f1df62b3",
                    "type": "string",
                    "value": ""
                },
                {
                    "access": "Write",
                    "defaultValue": "#000000",
                    "group": "Legend",
                    "kuid": "h76b66ee08e046b58aba99e6d656f773",
                    "originalPropertyKey": "legendFontColor",
                    "propertyIndex": 3,
                    "propertyKey": "legendFontColor",
                    "pw": {
                        "displayName": "Legend Font Color",
                        "uiRepresentation": "Label-Textbox"
                    },
                    "srcWgtKUID": "25d7f63a9f9d460fa5e15e40f1df62b3",
                    "type": "string",
                    "value": ""
                },
                {
                    "access": "Write",
                    "defaultValue": 20,
                    "group": "General",
                    "kuid": "c01cf3d10b274cd3a39533c12facfc6b",
                    "originalPropertyKey": "chartWidth",
                    "propertyIndex": 3,
                    "propertyKey": "chartWidth",
                    "pw": {
                        "displayName": "Chart Width",
                        "type": "integer",
                        "uiRepresentation": "Label-Textbox",
                        "validationData": "^(\\+|-)?\\d+$"
                    },
                    "srcWgtKUID": "25d7f63a9f9d460fa5e15e40f1df62b3",
                    "type": "integer",
                    "value": ""
                }
            ],
            "passthrough": []
        },
        "widgets": {
            "expose": [],
            "passthrough": []
        }
    },
    "namespace": "com.konymp",
    "version": "1.0.0"
}